rank,file,t_sec,score,U,A,D,n_boxes,n_ambiguous,empty,selected
1,frame_0022.jpg,8.8,0.7,0.0,0.0,1.0,0,0,True,True
2,frame_0027.jpg,10.8,0.7,0.0,0.0,1.0,0,0,True,True
3,frame_0072.jpg,28.8,0.6948,0.3896,1.0,1.0,4,3,False,True
4,frame_0073.jpg,29.2,0.6644,0.3289,1.0,1.0,4,3,False,False
5,frame_0207.jpg,82.8,0.66,0.0,0.0,0.8,0,0,True,True
6,frame_0208.jpg,83.2,0.6444,0.7848,0.3333,0.76,1,1,False,False
7,frame_0290.jpg,116.0,0.644,0.3679,1.0,0.8,4,3,False,True
8,frame_0078.jpg,31.2,0.6405,0.345,1.0,0.84,4,3,False,True
9,frame_0131.jpg,52.4,0.6089,0.4337,0.6667,0.96,3,2,False,True
10,frame_0079.jpg,31.6,0.6059,0.2919,1.0,0.8,4,3,False,False
11,frame_0120.jpg,48.0,0.604,0.0,0.0,0.52,0,0,True,True
12,frame_0200.jpg,80.0,0.604,0.0,0.0,0.52,0,0,True,True
13,frame_0010.jpg,4.0,0.602,0.604,0.3333,1.0,1,1,False,True
14,frame_0216.jpg,86.4,0.5875,0.5989,0.6667,0.44,2,2,False,True
15,frame_0124.jpg,49.6,0.5853,0.2986,1.0,0.68,6,3,False,False
16,frame_0289.jpg,115.6,0.5821,0.4601,0.6667,0.76,3,2,False,False
17,frame_0197.jpg,78.8,0.58,0.0,0.0,0.4,0,0,True,False
18,frame_0070.jpg,28.0,0.5546,0.3092,0.6667,1.0,4,2,False,False
19,frame_0318.jpg,127.2,0.5529,0.4098,1.0,0.24,4,3,False,True
20,frame_0129.jpg,51.6,0.5319,0.3117,0.6667,0.88,3,2,False,False
21,frame_0287.jpg,114.8,0.5206,0.3691,0.6667,0.68,3,2,False,False
22,frame_0025.jpg,10.0,0.5055,0.411,0.3333,1.0,1,1,False,False
23,frame_0121.jpg,48.4,0.4916,0.5592,0.3333,0.56,1,1,False,False
24,frame_0286.jpg,114.4,0.4862,0.3164,0.6667,0.64,4,2,False,False
25,frame_0284.jpg,113.6,0.4784,0.3328,0.6667,0.56,3,2,False,False
26,frame_0280.jpg,112.0,0.4746,0.3891,0.6667,0.4,4,2,False,False
27,frame_0203.jpg,81.2,0.4683,0.4806,0.3333,0.64,1,1,False,False
28,frame_0088.jpg,35.2,0.4682,0.3603,0.6667,0.44,3,2,False,False
29,frame_0082.jpg,32.8,0.4642,0.2563,0.6667,0.68,3,2,False,False
30,frame_0224.jpg,89.6,0.4624,0.4767,0.6667,0.12,3,2,False,False
31,frame_0125.jpg,50.0,0.4593,0.2306,0.6667,0.72,5,2,False,False
32,frame_0206.jpg,82.4,0.4557,0.4074,0.3333,0.76,1,1,False,False
33,frame_0006.jpg,2.4,0.4492,0.2985,0.3333,1.0,2,1,False,False
34,frame_0075.jpg,30.0,0.4469,0.3099,0.3333,0.96,2,1,False,False
35,frame_0301.jpg,120.4,0.445,0.3139,0.6667,0.44,3,2,False,False
36,frame_0299.jpg,119.6,0.4445,0.481,0.3333,0.52,1,1,False,False
37,frame_0077.jpg,30.8,0.4411,0.3302,0.3333,0.88,3,1,False,False
38,frame_0071.jpg,28.4,0.4384,0.2769,0.3333,1.0,3,1,False,False
39,frame_0210.jpg,84.0,0.4349,0.3978,0.3333,0.68,2,1,False,False
40,frame_0029.jpg,11.6,0.4289,0.2579,0.3333,1.0,3,1,False,False
41,frame_0386.jpg,154.4,0.4278,0.3595,0.6667,0.24,2,2,False,False
42,frame_0279.jpg,111.6,0.4265,0.309,0.6667,0.36,4,2,False,False
43,frame_0019.jpg,7.6,0.4262,0.2524,0.3333,1.0,2,1,False,False
44,frame_0320.jpg,128.0,0.4259,0.3557,0.6667,0.24,3,2,False,False
45,frame_0074.jpg,29.6,0.4222,0.2444,0.3333,1.0,6,1,False,False
46,frame_0032.jpg,12.8,0.4196,0.2393,0.3333,1.0,3,1,False,False
47,frame_0069.jpg,27.6,0.4189,0.2378,0.3333,1.0,5,1,False,False
48,frame_0217.jpg,86.8,0.4179,0.4758,0.3333,0.4,1,1,False,False
49,frame_0112.jpg,44.8,0.4098,0.3396,0.6667,0.2,3,2,False,False
50,frame_0306.jpg,122.4,0.4051,0.3141,0.6667,0.24,3,2,False,False
51,frame_0128.jpg,51.2,0.4026,0.2693,0.3333,0.84,3,1,False,False
52,frame_0000.jpg,0.0,0.3993,0.1986,0.3333,1.0,5,1,False,False
53,frame_0278.jpg,111.2,0.3985,0.269,0.6667,0.32,4,2,False,False
54,frame_0127.jpg,50.8,0.3968,0.2736,0.3333,0.8,4,1,False,False
55,frame_0376.jpg,150.4,0.3897,0.3153,0.6667,0.16,5,2,False,False
56,frame_0288.jpg,115.2,0.3896,0.2913,0.3333,0.72,3,1,False,False
57,frame_0315.jpg,126.0,0.3887,0.3294,0.6667,0.12,3,2,False,False
58,frame_0076.jpg,30.4,0.3886,0.2093,0.3333,0.92,3,1,False,False
59,frame_0092.jpg,36.8,0.3874,0.4628,0.3333,0.28,1,1,False,False
60,frame_0293.jpg,117.2,0.387,0.2701,0.3333,0.76,3,1,False,False
61,frame_0175.jpg,70.0,0.386,0.26,0.6667,0.28,4,2,False,False
62,frame_0126.jpg,50.4,0.3835,0.263,0.3333,0.76,5,1,False,False
63,frame_0297.jpg,118.8,0.3753,0.3106,0.3333,0.6,2,1,False,False
64,frame_0198.jpg,79.2,0.3739,0.3718,0.3333,0.44,1,1,False,False
65,frame_0387.jpg,154.8,0.371,0.262,0.6667,0.2,5,2,False,False
66,frame_0118.jpg,47.2,0.3688,0.3617,0.3333,0.44,2,1,False,False
67,frame_0123.jpg,49.2,0.3559,0.2558,0.3333,0.64,5,1,False,False
68,frame_0329.jpg,131.6,0.354,0.276,0.6667,0.08,6,2,False,False
69,frame_0087.jpg,34.8,0.3522,0.3125,0.3333,0.48,3,1,False,False
70,frame_0377.jpg,150.8,0.3488,0.2495,0.6667,0.12,5,2,False,False
71,frame_0285.jpg,114.0,0.346,0.2521,0.3333,0.6,3,1,False,False
72,frame_0168.jpg,67.2,0.3438,0.2636,0.3333,0.56,3,1,False,False
73,frame_0023.jpg,9.2,0.3371,0.2742,0.0,1.0,1,0,False,False
74,frame_0122.jpg,48.8,0.3343,0.2287,0.3333,0.6,3,1,False,False
75,frame_0367.jpg,146.8,0.3334,0.2348,0.6667,0.08,5,2,False,False
76,frame_0333.jpg,133.2,0.331,0.2299,0.6667,0.08,5,2,False,False
77,frame_0396.jpg,158.4,0.328,0.392,0.3333,0.16,3,1,False,False
78,frame_0283.jpg,113.2,0.3248,0.2416,0.3333,0.52,2,1,False,False
79,frame_0017.jpg,6.8,0.3237,0.2474,0.0,1.0,1,0,False,False
80,frame_0024.jpg,9.6,0.3211,0.2422,0.0,1.0,1,0,False,False
81,frame_0007.jpg,2.8,0.3199,0.2398,0.0,1.0,2,0,False,False
82,frame_0086.jpg,34.4,0.3187,0.2294,0.3333,0.52,2,1,False,False
83,frame_0300.jpg,120.0,0.3187,0.2454,0.3333,0.48,2,1,False,False
84,frame_0031.jpg,12.4,0.3185,0.2371,0.0,1.0,3,0,False,False
85,frame_0296.jpg,118.4,0.318,0.18,0.3333,0.64,4,1,False,False
86,frame_0115.jpg,46.0,0.3111,0.2942,0.3333,0.32,2,1,False,False
87,frame_0281.jpg,112.4,0.3108,0.2456,0.3333,0.44,3,1,False,False
88,frame_0273.jpg,109.2,0.3095,0.371,0.3333,0.12,1,1,False,False
89,frame_0001.jpg,0.4,0.3073,0.2145,0.0,1.0,4,0,False,False
90,frame_0020.jpg,8.0,0.3066,0.2133,0.0,1.0,2,0,False,False
91,frame_0316.jpg,126.4,0.305,0.346,0.3333,0.16,1,1,False,False
92,frame_0321.jpg,128.4,0.3043,0.3287,0.3333,0.2,3,1,False,False
93,frame_0011.jpg,4.4,0.3021,0.2042,0.0,1.0,2,0,False,False
94,frame_0028.jpg,11.2,0.3014,0.2028,0.0,1.0,1,0,False,False
95,frame_0013.jpg,5.2,0.3004,0.2007,0.0,1.0,2,0,False,False
96,frame_0018.jpg,7.2,0.3004,0.2009,0.0,1.0,3,0,False,False
97,frame_0002.jpg,0.8,0.2994,0.1987,0.0,1.0,3,0,False,False
98,frame_0195.jpg,78.0,0.2988,0.2697,0.3333,0.32,2,1,False,False
99,frame_0174.jpg,69.6,0.298,0.2681,0.3333,0.32,2,1,False,False
100,frame_0233.jpg,93.2,0.2975,0.299,0.3333,0.24,3,1,False,False
101,frame_0133.jpg,53.2,0.2963,0.1925,0.0,1.0,2,0,False,False
102,frame_0305.jpg,122.0,0.2962,0.2805,0.3333,0.28,3,1,False,False
103,frame_0014.jpg,5.6,0.2954,0.1909,0.0,1.0,3,0,False,False
104,frame_0169.jpg,67.6,0.2946,0.1812,0.3333,0.52,4,1,False,False
105,frame_0067.jpg,26.8,0.2896,0.1791,0.0,1.0,3,0,False,False
106,frame_0004.jpg,1.6,0.2893,0.1785,0.0,1.0,3,0,False,False
107,frame_0015.jpg,6.0,0.2868,0.1737,0.0,1.0,3,0,False,False
108,frame_0008.jpg,3.2,0.2852,0.1703,0.0,1.0,2,0,False,False
109,frame_0178.jpg,71.2,0.2852,0.3065,0.3333,0.16,2,1,False,False
110,frame_0005.jpg,2.0,0.2838,0.1676,0.0,1.0,4,0,False,False
111,frame_0030.jpg,12.0,0.2832,0.1663,0.0,1.0,2,0,False,False
112,frame_0033.jpg,13.2,0.2827,0.1653,0.0,1.0,4,0,False,False
113,frame_0190.jpg,76.0,0.2783,0.3086,0.3333,0.12,1,1,False,False
114,frame_0108.jpg,43.2,0.2768,0.3377,0.3333,0.04,2,1,False,False
115,frame_0176.jpg,70.4,0.2752,0.2545,0.3333,0.24,4,1,False,False
116,frame_0220.jpg,88.0,0.2745,0.237,0.3333,0.28,2,1,False,False
117,frame_0228.jpg,91.2,0.2732,0.3304,0.3333,0.04,2,1,False,False
118,frame_0009.jpg,3.6,0.2722,0.1443,0.0,1.0,3,0,False,False
119,frame_0102.jpg,40.8,0.2709,0.2938,0.3333,0.12,2,1,False,False
120,frame_0130.jpg,52.0,0.2706,0.1731,0.0,0.92,3,0,False,False
121,frame_0307.jpg,122.8,0.27,0.26,0.3333,0.2,4,1,False,False
122,frame_0191.jpg,76.4,0.2698,0.2756,0.3333,0.16,3,1,False,False
123,frame_0291.jpg,116.4,0.2696,0.2031,0.0,0.84,4,0,False,False
124,frame_0274.jpg,109.6,0.2689,0.2738,0.3333,0.16,2,1,False,False
125,frame_0313.jpg,125.2,0.2682,0.3204,0.3333,0.04,1,1,False,False
126,frame_0021.jpg,8.4,0.2669,0.1337,0.0,1.0,2,0,False,False
127,frame_0003.jpg,1.2,0.2668,0.1336,0.0,1.0,4,0,False,False
128,frame_0068.jpg,27.2,0.2647,0.1294,0.0,1.0,2,0,False,False
129,frame_0026.jpg,10.4,0.2642,0.1284,0.0,1.0,1,0,False,False
130,frame_0310.jpg,124.0,0.2629,0.2938,0.3333,0.08,2,1,False,False
131,frame_0219.jpg,87.6,0.2622,0.1965,0.3333,0.32,3,1,False,False
132,frame_0373.jpg,149.2,0.2617,0.2594,0.3333,0.16,3,1,False,False
133,frame_0204.jpg,81.6,0.2613,0.2506,0.0,0.68,1,0,False,False
134,frame_0317.jpg,126.8,0.2612,0.2425,0.3333,0.2,5,1,False,False
135,frame_0323.jpg,129.2,0.2596,0.2712,0.3333,0.12,3,1,False,False
136,frame_0319.jpg,127.6,0.2588,0.2056,0.3333,0.28,3,1,False,False
137,frame_0397.jpg,158.8,0.2578,0.2356,0.3333,0.2,4,1,False,False
138,frame_0016.jpg,6.4,0.2545,0.109,0.0,1.0,1,0,False,False
139,frame_0132.jpg,52.8,0.2545,0.1089,0.0,1.0,2,0,False,False
140,frame_0012.jpg,4.8,0.2538,0.1076,0.0,1.0,1,0,False,False
141,frame_0294.jpg,117.6,0.2525,0.217,0.0,0.72,3,0,False,False
142,frame_0375.jpg,150.0,0.2495,0.2191,0.3333,0.2,6,1,False,False
143,frame_0275.jpg,110.0,0.2467,0.2135,0.3333,0.2,4,1,False,False
144,frame_0080.jpg,32.0,0.2452,0.1864,0.0,0.76,2,0,False,False
145,frame_0330.jpg,132.0,0.2433,0.2707,0.3333,0.04,4,1,False,False
146,frame_0332.jpg,132.8,0.243,0.2701,0.3333,0.04,5,1,False,False
147,frame_0374.jpg,149.6,0.2416,0.2032,0.3333,0.2,4,1,False,False
148,frame_0209.jpg,83.6,0.2394,0.1907,0.0,0.72,3,0,False,False
149,frame_0269.jpg,107.6,0.2385,0.2611,0.3333,0.04,3,1,False,False
150,frame_0292.jpg,116.8,0.2362,0.1523,0.0,0.8,4,0,False,False
151,frame_0231.jpg,92.4,0.2334,0.2028,0.3333,0.16,5,1,False,False
152,frame_0189.jpg,75.6,0.2329,0.2339,0.3333,0.08,3,1,False,False
153,frame_0211.jpg,84.4,0.2284,0.2008,0.0,0.64,2,0,False,False
154,frame_0202.jpg,80.8,0.228,0.216,0.0,0.6,2,0,False,False
155,frame_0081.jpg,32.4,0.2268,0.1657,0.0,0.72,3,0,False,False
156,frame_0100.jpg,40.0,0.2256,0.2352,0.3333,0.04,2,1,False,False
157,frame_0213.jpg,85.2,0.2252,0.2264,0.0,0.56,1,0,False,False
158,frame_0372.jpg,148.8,0.2248,0.2016,0.3333,0.12,4,1,False,False
159,frame_0390.jpg,156.0,0.2244,0.2168,0.3333,0.08,4,1,False,False
160,frame_0205.jpg,82.0,0.2232,0.1584,0.0,0.72,1,0,False,False
161,frame_0085.jpg,34.0,0.2223,0.2206,0.0,0.56,2,0,False,False
162,frame_0295.jpg,118.0,0.222,0.172,0.0,0.68,3,0,False,False
163,frame_0328.jpg,131.2,0.2215,0.211,0.3333,0.08,5,1,False,False
164,frame_0083.jpg,33.2,0.2184,0.1808,0.0,0.64,1,0,False,False
165,frame_0229.jpg,91.6,0.2157,0.1995,0.3333,0.08,4,1,False,False
166,frame_0370.jpg,148.0,0.2097,0.2035,0.3333,0.04,3,1,False,False
167,frame_0391.jpg,156.4,0.2091,0.2023,0.3333,0.04,4,1,False,False
168,frame_0230.jpg,92.0,0.2083,0.1686,0.3333,0.12,5,1,False,False
169,frame_0304.jpg,121.6,0.2057,0.2834,0.0,0.32,1,0,False,False
170,frame_0271.jpg,108.4,0.2038,0.1917,0.3333,0.04,4,1,False,False
171,frame_0379.jpg,151.6,0.2035,0.191,0.3333,0.04,5,1,False,False
172,frame_0212.jpg,84.8,0.1997,0.1594,0.0,0.6,1,0,False,False
173,frame_0167.jpg,66.8,0.1977,0.1554,0.0,0.6,1,0,False,False
174,frame_0084.jpg,33.6,0.1957,0.1514,0.0,0.6,3,0,False,False
175,frame_0298.jpg,119.2,0.1915,0.159,0.0,0.56,2,0,False,False
176,frame_0170.jpg,68.0,0.186,0.1801,0.0,0.48,5,0,False,False
177,frame_0277.jpg,110.8,0.1824,0.2527,0.0,0.28,2,0,False,False
178,frame_0119.jpg,47.6,0.1798,0.1676,0.0,0.48,1,0,False,False
179,frame_0215.jpg,86.0,0.1779,0.1638,0.0,0.48,2,0,False,False
180,frame_0282.jpg,112.8,0.1767,0.1614,0.0,0.48,2,0,False,False
181,frame_0173.jpg,69.2,0.1752,0.2065,0.0,0.36,4,0,False,False
182,frame_0214.jpg,85.6,0.175,0.142,0.0,0.52,1,0,False,False
183,frame_0221.jpg,88.4,0.1731,0.2502,0.0,0.24,1,0,False,False
184,frame_0201.jpg,80.4,0.1709,0.1178,0.0,0.56,1,0,False,False
185,frame_0089.jpg,35.6,0.1696,0.1791,0.0,0.4,4,0,False,False
186,frame_0302.jpg,120.8,0.1672,0.1744,0.0,0.4,3,0,False,False
187,frame_0103.jpg,41.2,0.1669,0.2698,0.0,0.16,1,0,False,False
188,frame_0196.jpg,78.4,0.1646,0.1852,0.0,0.36,2,0,False,False
189,frame_0171.jpg,68.4,0.1637,0.1514,0.0,0.44,1,0,False,False
190,frame_0090.jpg,36.0,0.1633,0.1827,0.0,0.36,2,0,False,False
191,frame_0303.jpg,121.2,0.1629,0.1819,0.0,0.36,3,0,False,False
192,frame_0116.jpg,46.4,0.1628,0.1815,0.0,0.36,4,0,False,False
193,frame_0399.jpg,159.6,0.1617,0.2113,0.0,0.28,2,0,False,False
194,frame_0218.jpg,87.2,0.1597,0.1754,0.0,0.36,3,0,False,False
195,frame_0172.jpg,68.8,0.1592,0.1584,0.0,0.4,1,0,False,False
196,frame_0094.jpg,37.6,0.1585,0.237,0.0,0.2,1,0,False,False
197,frame_0091.jpg,36.4,0.1537,0.1795,0.0,0.32,2,0,False,False
198,frame_0117.jpg,46.8,0.1534,0.1467,0.0,0.4,3,0,False,False
199,frame_0194.jpg,77.6,0.1531,0.1942,0.0,0.28,2,0,False,False
200,frame_0199.jpg,79.6,0.1529,0.1138,0.0,0.48,1,0,False,False
201,frame_0113.jpg,45.2,0.1499,0.2038,0.0,0.24,4,0,False,False
202,frame_0093.jpg,37.2,0.1456,0.1952,0.0,0.24,2,0,False,False
203,frame_0276.jpg,110.4,0.1422,0.1884,0.0,0.24,4,0,False,False
204,frame_0388.jpg,155.2,0.1414,0.2188,0.0,0.16,2,0,False,False
205,frame_0222.jpg,88.8,0.1413,0.2025,0.0,0.2,3,0,False,False
206,frame_0223.jpg,89.2,0.1405,0.2169,0.0,0.16,2,0,False,False
207,frame_0267.jpg,106.8,0.1389,0.2299,0.0,0.12,2,0,False,False
208,frame_0314.jpg,125.6,0.1384,0.2447,0.0,0.08,2,0,False,False
209,frame_0308.jpg,123.2,0.1343,0.2046,0.0,0.16,3,0,False,False
210,frame_0193.jpg,77.2,0.1341,0.1722,0.0,0.24,3,0,False,False
211,frame_0179.jpg,71.6,0.13,0.2119,0.0,0.12,3,0,False,False
212,frame_0192.jpg,76.8,0.13,0.1801,0.0,0.2,2,0,False,False
213,frame_0325.jpg,130.0,0.1281,0.2402,0.0,0.04,1,0,False,False
214,frame_0311.jpg,124.4,0.1263,0.2367,0.0,0.04,2,0,False,False
215,frame_0232.jpg,92.8,0.1257,0.1713,0.0,0.2,3,0,False,False
216,frame_0186.jpg,74.4,0.1255,0.2349,0.0,0.04,2,0,False,False
217,frame_0398.jpg,159.2,0.1247,0.1535,0.0,0.24,4,0,False,False
218,frame_0309.jpg,123.6,0.1235,0.1991,0.0,0.12,3,0,False,False
219,frame_0114.jpg,45.6,0.1224,0.1328,0.0,0.28,5,0,False,False
220,frame_0322.jpg,128.8,0.1201,0.1762,0.0,0.16,4,0,False,False
221,frame_0395.jpg,158.0,0.1182,0.1885,0.0,0.12,2,0,False,False
222,frame_0185.jpg,74.0,0.1179,0.2039,0.0,0.08,2,0,False,False
223,frame_0383.jpg,153.2,0.1174,0.1868,0.0,0.12,2,0,False,False
224,frame_0384.jpg,153.6,0.1171,0.1701,0.0,0.16,5,0,False,False
225,frame_0225.jpg,90.0,0.1161,0.2001,0.0,0.08,3,0,False,False
226,frame_0110.jpg,44.0,0.1146,0.1812,0.0,0.12,1,0,False,False
227,frame_0177.jpg,70.8,0.1143,0.1486,0.0,0.2,2,0,False,False
228,frame_0268.jpg,107.2,0.1137,0.1954,0.0,0.08,4,0,False,False
229,frame_0183.jpg,73.2,0.1134,0.2109,0.0,0.04,4,0,False,False
230,frame_0105.jpg,42.0,0.1121,0.1922,0.0,0.08,3,0,False,False
231,frame_0097.jpg,38.8,0.1116,0.1913,0.0,0.08,4,0,False,False
232,frame_0101.jpg,40.4,0.1091,0.1863,0.0,0.08,3,0,False,False
233,frame_0385.jpg,154.0,0.109,0.1379,0.0,0.2,5,0,False,False
234,frame_0096.jpg,38.4,0.1078,0.1675,0.0,0.12,3,0,False,False
235,frame_0226.jpg,90.4,0.1071,0.1981,0.0,0.04,3,0,False,False
236,frame_0389.jpg,155.6,0.1063,0.1646,0.0,0.12,4,0,False,False
237,frame_0381.jpg,152.4,0.1051,0.1942,0.0,0.04,1,0,False,False
238,frame_0180.jpg,72.0,0.1047,0.1773,0.0,0.08,2,0,False,False
239,frame_0095.jpg,38.0,0.1028,0.1417,0.0,0.16,4,0,False,False
240,frame_0184.jpg,73.6,0.1026,0.1732,0.0,0.08,2,0,False,False
241,frame_0109.jpg,43.6,0.1013,0.1706,0.0,0.08,1,0,False,False
242,frame_0181.jpg,72.4,0.1007,0.1854,0.0,0.04,1,0,False,False
243,frame_0382.jpg,152.8,0.1004,0.1688,0.0,0.08,2,0,False,False
244,frame_0393.jpg,157.2,0.0999,0.1838,0.0,0.04,1,0,False,False
245,frame_0378.jpg,151.2,0.094,0.1561,0.0,0.08,4,0,False,False
246,frame_0188.jpg,75.2,0.0925,0.1689,0.0,0.04,4,0,False,False
247,frame_0371.jpg,148.4,0.0923,0.1526,0.0,0.08,1,0,False,False
248,frame_0106.jpg,42.4,0.092,0.1679,0.0,0.04,6,0,False,False
249,frame_0104.jpg,41.6,0.0903,0.1326,0.0,0.12,1,0,False,False
250,frame_0111.jpg,44.4,0.0888,0.1137,0.0,0.16,2,0,False,False
251,frame_0098.jpg,39.2,0.086,0.1561,0.0,0.04,3,0,False,False
252,frame_0327.jpg,130.8,0.0855,0.155,0.0,0.04,5,0,False,False
253,frame_0368.jpg,147.2,0.081,0.146,0.0,0.04,5,0,False,False
254,frame_0272.jpg,108.8,0.0794,0.1268,0.0,0.08,1,0,False,False
255,frame_0394.jpg,157.6,0.0775,0.123,0.0,0.08,1,0,False,False
256,frame_0324.jpg,129.6,0.0754,0.1188,0.0,0.08,2,0,False,False
